{
  "_generated": "Generated by SweetTooth, do not edit",
  "description": "Reduce the horizontal spacing between icons in the top-right status area",
  "dev-version": "2.1.4",
  "gettext-domain": "org.gnome.shell.extensions.status-area-horizontal-spacing",
  "name": "Status Area Horizontal Spacing",
  "session-modes": [
    "user",
    "unlock-dialog"
  ],
  "settings-schema": "org.gnome.shell.extensions.status-area-horizontal-spacing",
  "shell-version": [
    "42",
    "43",
    "44"
  ],
  "url": "https://gitlab.com/p91paul/status-area-horizontal-spacing-gnome-shell-extension",
  "uuid": "status-area-horizontal-spacing@mathematical.coffee.gmail.com",
  "version": 24
}